{
  "baselines": {
    "claude-haiku_agg0": {
      "accuracy": 0.9666666666666667,
      "cost": 0.0004349833333333334,
      "count": 60
    },
    "claude-haiku_agg03": {
      "accuracy": 0.9333333333333333,
      "cost": 0.0004215275,
      "count": 60
    },
    "claude-haiku_agg06": {
      "accuracy": 0.8333333333333334,
      "cost": 0.00046576000000000007,
      "count": 60
    },
    "claude-haiku_agg09": {
      "accuracy": 0.7333333333333333,
      "cost": 0.0005329391666666666,
      "count": 60
    },
    "claude-sonnet_agg0": {
      "accuracy": 0.9833333333333333,
      "cost": 0.00123295,
      "count": 60
    },
    "claude-sonnet_agg03": {
      "accuracy": 0.95,
      "cost": 0.0012341774999999997,
      "count": 60
    },
    "claude-sonnet_agg06": {
      "accuracy": 0.9,
      "cost": 0.0012083433333333336,
      "count": 60
    },
    "claude-sonnet_agg09": {
      "accuracy": 0.8333333333333334,
      "cost": 0.001246489166666667,
      "count": 60
    },
    "gpt-4o-mini_agg0": {
      "accuracy": 0.95,
      "cost": 3.77425e-05,
      "count": 60
    },
    "gpt-4o-mini_agg03": {
      "accuracy": 0.95,
      "cost": 3.41475e-05,
      "count": 60
    },
    "gpt-4o-mini_agg06": {
      "accuracy": 0.8166666666666667,
      "cost": 3.399583333333334e-05,
      "count": 60
    },
    "gpt-4o-mini_agg09": {
      "accuracy": 0.8,
      "cost": 3.5894166666666666e-05,
      "count": 60
    },
    "gpt-5.4_agg0": {
      "accuracy": 0.9666666666666667,
      "cost": 0.0007820416666666668,
      "count": 60
    },
    "gpt-5.4_agg03": {
      "accuracy": 0.9666666666666667,
      "cost": 0.0007337441666666666,
      "count": 60
    },
    "gpt-5.4_agg06": {
      "accuracy": 0.9333333333333333,
      "cost": 0.0007579683333333333,
      "count": 60
    },
    "gpt-5.4_agg09": {
      "accuracy": 0.8833333333333333,
      "cost": 0.0011163724999999998,
      "count": 60
    },
    "gpt-4.1-nano_agg0": {
      "accuracy": 0.9166666666666666,
      "cost": 2.3061666666666666e-05,
      "count": 60
    },
    "gpt-4.1-nano_agg03": {
      "accuracy": 0.9,
      "cost": 2.16575e-05,
      "count": 60
    },
    "gpt-4.1-nano_agg06": {
      "accuracy": 0.8333333333333334,
      "cost": 2.1591666666666665e-05,
      "count": 60
    },
    "gpt-4.1-nano_agg09": {
      "accuracy": 0.65,
      "cost": 2.3029166666666666e-05,
      "count": 60
    },
    "gpt-4.1_agg0": {
      "accuracy": 0.9333333333333333,
      "cost": 0.0005648333333333333,
      "count": 60
    },
    "gpt-4.1_agg03": {
      "accuracy": 0.9833333333333333,
      "cost": 0.0005098441666666667,
      "count": 60
    },
    "gpt-4.1_agg06": {
      "accuracy": 0.85,
      "cost": 0.0004898433333333333,
      "count": 60
    },
    "gpt-4.1_agg09": {
      "accuracy": 0.85,
      "cost": 0.0005893391666666667,
      "count": 60
    }
  },
  "router_curve": [
    {
      "lambda": 0.0,
      "accuracy": 0.9833333333333333,
      "cost": 0.0009167416666666666
    },
    {
      "lambda": 0.5,
      "accuracy": 0.95,
      "cost": 0.0005394025
    },
    {
      "lambda": 1.0,
      "accuracy": 0.95,
      "cost": 0.0005394025
    },
    {
      "lambda": 1.5,
      "accuracy": 0.95,
      "cost": 0.0005394025
    },
    {
      "lambda": 2.0,
      "accuracy": 0.95,
      "cost": 0.0005394025
    },
    {
      "lambda": 2.5,
      "accuracy": 0.95,
      "cost": 0.0005394025
    },
    {
      "lambda": 3.0,
      "accuracy": 0.95,
      "cost": 0.0005394025
    },
    {
      "lambda": 3.5,
      "accuracy": 0.95,
      "cost": 0.0005394025
    },
    {
      "lambda": 4.0,
      "accuracy": 0.95,
      "cost": 0.0005394025
    },
    {
      "lambda": 4.5,
      "accuracy": 0.95,
      "cost": 0.0005394025
    },
    {
      "lambda": 5.0,
      "accuracy": 0.95,
      "cost": 0.0005394025
    },
    {
      "lambda": 5.5,
      "accuracy": 0.95,
      "cost": 0.0005394025
    },
    {
      "lambda": 6.0,
      "accuracy": 0.95,
      "cost": 0.0005394025
    },
    {
      "lambda": 6.5,
      "accuracy": 0.95,
      "cost": 0.0005394025
    },
    {
      "lambda": 7.0,
      "accuracy": 0.95,
      "cost": 0.0005394025
    },
    {
      "lambda": 7.5,
      "accuracy": 0.95,
      "cost": 0.0005394025
    },
    {
      "lambda": 8.0,
      "accuracy": 0.95,
      "cost": 0.0005394025
    },
    {
      "lambda": 8.5,
      "accuracy": 0.95,
      "cost": 0.0005394025
    },
    {
      "lambda": 9.0,
      "accuracy": 0.95,
      "cost": 0.0005394025
    },
    {
      "lambda": 9.5,
      "accuracy": 0.95,
      "cost": 0.0005394025
    },
    {
      "lambda": 10.0,
      "accuracy": 0.95,
      "cost": 0.0005394025
    },
    {
      "lambda": 15.0,
      "accuracy": 0.95,
      "cost": 0.0005394025
    },
    {
      "lambda": 20.0,
      "accuracy": 0.95,
      "cost": 0.0005394025
    },
    {
      "lambda": 25.0,
      "accuracy": 0.95,
      "cost": 0.0005394025
    },
    {
      "lambda": 30.0,
      "accuracy": 0.95,
      "cost": 0.0005394025
    },
    {
      "lambda": 35.0,
      "accuracy": 0.95,
      "cost": 0.0005394025
    },
    {
      "lambda": 40.0,
      "accuracy": 0.9166666666666666,
      "cost": 0.00039427416666666665
    },
    {
      "lambda": 45.0,
      "accuracy": 0.9166666666666666,
      "cost": 0.00039427416666666665
    },
    {
      "lambda": 50.0,
      "accuracy": 0.9166666666666666,
      "cost": 0.00039427416666666665
    },
    {
      "lambda": 55.0,
      "accuracy": 0.9166666666666666,
      "cost": 0.000280165
    },
    {
      "lambda": 60.0,
      "accuracy": 0.9166666666666666,
      "cost": 0.000280165
    },
    {
      "lambda": 65.0,
      "accuracy": 0.9166666666666666,
      "cost": 0.000280165
    },
    {
      "lambda": 70.0,
      "accuracy": 0.9166666666666666,
      "cost": 0.000280165
    },
    {
      "lambda": 75.0,
      "accuracy": 0.9166666666666666,
      "cost": 0.000280165
    },
    {
      "lambda": 80.0,
      "accuracy": 0.9166666666666666,
      "cost": 0.000280165
    },
    {
      "lambda": 85.0,
      "accuracy": 0.9166666666666666,
      "cost": 0.000280165
    },
    {
      "lambda": 90.0,
      "accuracy": 0.9166666666666666,
      "cost": 0.000280165
    },
    {
      "lambda": 95.0,
      "accuracy": 0.9166666666666666,
      "cost": 0.000280165
    },
    {
      "lambda": 100.0,
      "accuracy": 0.9166666666666666,
      "cost": 0.000280165
    },
    {
      "lambda": 150.0,
      "accuracy": 0.9,
      "cost": 9.545666666666666e-05
    },
    {
      "lambda": 200.0,
      "accuracy": 0.9,
      "cost": 9.545666666666666e-05
    },
    {
      "lambda": 250.0,
      "accuracy": 0.9,
      "cost": 9.545666666666666e-05
    },
    {
      "lambda": 300.0,
      "accuracy": 0.9,
      "cost": 9.545666666666666e-05
    },
    {
      "lambda": 350.0,
      "accuracy": 0.9,
      "cost": 2.349666666666667e-05
    },
    {
      "lambda": 400.0,
      "accuracy": 0.9,
      "cost": 2.349666666666667e-05
    },
    {
      "lambda": 450.0,
      "accuracy": 0.9,
      "cost": 2.349666666666667e-05
    },
    {
      "lambda": 500.0,
      "accuracy": 0.9,
      "cost": 2.349666666666667e-05
    },
    {
      "lambda": 550.0,
      "accuracy": 0.9,
      "cost": 2.349666666666667e-05
    },
    {
      "lambda": 600.0,
      "accuracy": 0.9,
      "cost": 2.349666666666667e-05
    },
    {
      "lambda": 650.0,
      "accuracy": 0.9,
      "cost": 2.349666666666667e-05
    },
    {
      "lambda": 700.0,
      "accuracy": 0.9,
      "cost": 2.349666666666667e-05
    },
    {
      "lambda": 750.0,
      "accuracy": 0.9,
      "cost": 2.349666666666667e-05
    },
    {
      "lambda": 800.0,
      "accuracy": 0.9,
      "cost": 2.349666666666667e-05
    },
    {
      "lambda": 850.0,
      "accuracy": 0.9,
      "cost": 2.349666666666667e-05
    },
    {
      "lambda": 900.0,
      "accuracy": 0.9,