{
  "5": {
    "k": 5,
    "\u03bb=0_acc_mean": 0.9433333333333334,
    "\u03bb=0_acc_std": 0.016996731711975955,
    "\u03bb=0_cost_mean": 0.0008489251666666666,
    "\u03bb=10_acc_mean": 0.9099999999999999,
    "\u03bb=10_acc_std": 0.016996731711975955,
    "\u03bb=10_cost_mean": 0.0006779093333333334,
    "\u03bb=100_acc_mean": 0.9066666666666666,
    "\u03bb=100_acc_std": 0.016996731711975955,
    "\u03bb=100_cost_mean": 0.0002401848333333333,
    "\u03bb=500_acc_mean": 0.8733333333333334,
    "\u03bb=500_acc_std": 0.04784233364802438,
    "\u03bb=500_cost_mean": 2.6158833333333338e-05,
    "auc_mean": 0.0007588911819444445,
    "auc_std": 0.0001319992909005425
  },
  "10": {
    "k": 10,
    "\u03bb=0_acc_mean": 0.9199999999999999,
    "\u03bb=0_acc_std": 0.03399346342395189,
    "\u03bb=0_cost_mean": 0.0007252763333333333,
    "\u03bb=10_acc_mean": 0.9099999999999999,
    "\u03bb=10_acc_std": 0.03741657386773942,
    "\u03bb=10_cost_mean": 0.0005687056666666666,
    "\u03bb=100_acc_mean": 0.8800000000000001,
    "\u03bb=100_acc_std": 0.03711842908553347,
    "\u03bb=100_cost_mean": 0.00021748766666666663,
    "\u03bb=500_acc_mean": 0.8400000000000001,
    "\u03bb=500_acc_std": 0.050110987927909696,
    "\u03bb=500_cost_mean": 2.7199499999999996e-05,
    "auc_mean": 0.0006181948736111112,
    "auc_std": 0.0001206504999121527
  },
  "15": {
    "k": 15,
    "\u03bb=0_acc_mean": 0.9299999999999999,
    "\u03bb=0_acc_std": 0.01632993161855452,
    "\u03bb=0_cost_mean": 0.0006827293333333332,
    "\u03bb=10_acc_mean": 0.9066666666666666,
    "\u03bb=10_acc_std": 0.016996731711975955,
    "\u03bb=10_cost_mean": 0.0004608018333333333,
    "\u03bb=100_acc_mean": 0.8800000000000001,
    "\u03bb=100_acc_std": 0.02449489742783177,
    "\u03bb=100_cost_mean": 0.00024488533333333335,
    "\u03bb=500_acc_mean": 0.8566666666666667,
    "\u03bb=500_acc_std": 0.04546060565661949,
    "\u03bb=500_cost_mean": 3.159583333333333e-05,
    "auc_mean": 0.0005884262999999999,
    "auc_std": 0.00011288149721266232
  },
  "20": {
    "k": 20,
    "\u03bb=0_acc_mean": 0.9333333333333333,
    "\u03bb=0_acc_std": 0.018257418583505554,
    "\u03bb=0_cost_mean": 0.0005890253333333333,
    "\u03bb=10_acc_mean": 0.8800000000000001,
    "\u03bb=10_acc_std": 0.057154760664940796,
    "\u03bb=10_cost_mean": 0.00039308733333333335,
    "\u03bb=100_acc_mean": 0.8699999999999999,
    "\u03bb=100_acc_std": 0.05906681715556448,
    "\u03bb=100_cost_mean": 0.00024222083333333335,
    "\u03bb=500_acc_mean": 0.8400000000000001,
    "\u03bb=500_acc_std": 0.056371781750959235,
    "\u03bb=500_cost_mean": 3.0431e-05,
    "auc_mean": 0.0004949594375,
    "auc_std": 5.913089255298207e-05
  },
  "30": {
    "k": 30,
    "\u03bb=0_acc_mean": 0.9333333333333332,
    "\u03bb=0_acc_std": 0.010540925533894595,
    "\u03bb=0_cost_mean": 0.000556595,
    "\u03bb=10_acc_mean": 0.8400000000000001,
    "\u03bb=10_acc_std": 0.05228129047119376,
    "\u03bb=10_cost_mean": 0.00021512100000000003,
    "\u03bb=100_acc_mean": 0.8433333333333334,
    "\u03bb=100_acc_std": 0.04666666666666666,
    "\u03bb=100_cost_mean": 0.00016098483333333333,
    "\u03bb=500_acc_mean": 0.8300000000000001,
    "\u03bb=500_acc_std": 0.05099019513592786,
    "\u03bb=500_cost_mean": 2.943116666666667e-05,
    "auc_mean": 0.0004618558083333333,
    "auc_std": 7.77478150069693e-05
  }
}